ITTFL,SEX,AGEGR1,RACE,DURDSGR1,BMIBLGR1,TRT01P,procedure,factor,denominator,measure,unit
Y,_ALL_,_ALL_,_ALL_,_ALL_,_ALL_,Placebo,n,age,_ALL_,86,
Y,_ALL_,_ALL_,_ALL_,_ALL_,_ALL_,Xanomeline Low Dose,n,age,_ALL_,84,
Y,_ALL_,_ALL_,_ALL_,_ALL_,_ALL_,Xanomeline High Dose,n,age,_ALL_,84,
Y,_ALL_,_ALL_,_ALL_,_ALL_,_ALL_,_ALL_,n,age,_ALL_,254,
Y,_ALL_,_ALL_,_ALL_,_ALL_,_ALL_,Placebo,mean,age,_ALL_,75.209302326,
Y,_ALL_,_ALL_,_ALL_,_ALL_,_ALL_,Xanomeline Low Dose,mean,age,_ALL_,75.666666667,
Y,_ALL_,_ALL_,_ALL_,_ALL_,_ALL_,Xanomeline High Dose,mean,age,_ALL_,74.380952381,
Y,_ALL_,_ALL_,_ALL_,_ALL_,_ALL_,_ALL_,mean,age,_ALL_,75.086614173,
Y,_ALL_,_ALL_,_ALL_,_ALL_,_ALL_,Placebo,stddev,age,_ALL_,8.5901671271,
Y,_ALL_,_ALL_,_ALL_,_ALL_,_ALL_,Xanomeline Low Dose,stddev,age,_ALL_,8.2860505995,
Y,_ALL_,_ALL_,_ALL_,_ALL_,_ALL_,Xanomeline High Dose,stddev,age,_ALL_,7.8860938487,
Y,_ALL_,_ALL_,_ALL_,_ALL_,_ALL_,_ALL_,stddev,age,_ALL_,8.2462338962,
Y,_ALL_,_ALL_,_ALL_,_ALL_,_ALL_,Placebo,median,age,_ALL_,76,
Y,_ALL_,_ALL_,_ALL_,_ALL_,_ALL_,Xanomeline Low Dose,median,age,_ALL_,77.5,
Y,_ALL_,_ALL_,_ALL_,_ALL_,_ALL_,Xanomeline High Dose,median,age,_ALL_,76,
Y,_ALL_,_ALL_,_ALL_,_ALL_,_ALL_,_ALL_,median,age,_ALL_,77,
Y,_ALL_,_ALL_,_ALL_,_ALL_,_ALL_,Placebo,min,age,_ALL_,52,
Y,_ALL_,_ALL_,_ALL_,_ALL_,_ALL_,Xanomeline Low Dose,min,age,_ALL_,51,
Y,_ALL_,_ALL_,_ALL_,_ALL_,_ALL_,Xanomeline High Dose,min,age,_ALL_,56,
Y,_ALL_,_ALL_,_ALL_,_ALL_,_ALL_,_ALL_,min,age,_ALL_,51,
Y,_ALL_,_ALL_,_ALL_,_ALL_,_ALL_,Placebo,max,age,_ALL_,89,
Y,_ALL_,_ALL_,_ALL_,_ALL_,_ALL_,Xanomeline Low Dose,max,age,_ALL_,88,
Y,_ALL_,_ALL_,_ALL_,_ALL_,_ALL_,Xanomeline High Dose,max,age,_ALL_,88,
Y,_ALL_,_ALL_,_ALL_,_ALL_,_ALL_,_ALL_,max,age,_ALL_,89,
Y,_ALL_,65-80,_ALL_,_ALL_,_ALL_,Placebo,count,quantify,_ALL_,42,
Y,_ALL_,65-80,_ALL_,_ALL_,_ALL_,Xanomeline Low Dose,count,quantify,_ALL_,47,
Y,_ALL_,65-80,_ALL_,_ALL_,_ALL_,Xanomeline High Dose,count,quantify,_ALL_,55,
Y,_ALL_,<65,_ALL_,_ALL_,_ALL_,Placebo,count,quantify,_ALL_,14,
Y,_ALL_,<65,_ALL_,_ALL_,_ALL_,Xanomeline Low Dose,count,quantify,_ALL_,8,
Y,_ALL_,<65,_ALL_,_ALL_,_ALL_,Xanomeline High Dose,count,quantify,_ALL_,11,
Y,_ALL_,>80,_ALL_,_ALL_,_ALL_,Placebo,count,quantify,_ALL_,30,
Y,_ALL_,>80,_ALL_,_ALL_,_ALL_,Xanomeline Low Dose,count,quantify,_ALL_,29,
Y,_ALL_,>80,_ALL_,_ALL_,_ALL_,Xanomeline High Dose,count,quantify,_ALL_,18,
Y,_ALL_,65-80,_ALL_,_ALL_,_ALL_,_ALL_,count,quantify,_ALL_,144,
Y,_ALL_,<65,_ALL_,_ALL_,_ALL_,_ALL_,count,quantify,_ALL_,33,
Y,_ALL_,>80,_ALL_,_ALL_,_ALL_,_ALL_,count,quantify,_ALL_,77,
Y,_ALL_,65-80,_ALL_,_ALL_,_ALL_,Placebo,percent,proportion,agegr1,48.837209302,
Y,_ALL_,65-80,_ALL_,_ALL_,_ALL_,Xanomeline Low Dose,percent,proportion,agegr1,55.952380952,
Y,_ALL_,65-80,_ALL_,_ALL_,_ALL_,Xanomeline High Dose,percent,proportion,agegr1,65.476190476,
Y,_ALL_,<65,_ALL_,_ALL_,_ALL_,Placebo,percent,proportion,agegr1,16.279069767,
Y,_ALL_,<65,_ALL_,_ALL_,_ALL_,Xanomeline Low Dose,percent,proportion,agegr1,9.5238095238,
Y,_ALL_,<65,_ALL_,_ALL_,_ALL_,Xanomeline High Dose,percent,proportion,agegr1,13.095238095,
Y,_ALL_,>80,_ALL_,_ALL_,_ALL_,Placebo,percent,proportion,agegr1,34.88372093,
Y,_ALL_,>80,_ALL_,_ALL_,_ALL_,Xanomeline Low Dose,percent,proportion,agegr1,34.523809524,
Y,_ALL_,>80,_ALL_,_ALL_,_ALL_,Xanomeline High Dose,percent,proportion,agegr1,21.428571429,
Y,_ALL_,65-80,_ALL_,_ALL_,_ALL_,_ALL_,percent,proportion,agegr1,56.692913386,
Y,_ALL_,<65,_ALL_,_ALL_,_ALL_,_ALL_,percent,proportion,agegr1,12.992125984,
Y,_ALL_,>80,_ALL_,_ALL_,_ALL_,_ALL_,percent,proportion,agegr1,30.31496063,
Y,F,_ALL_,_ALL_,_ALL_,_ALL_,Placebo,count,quantify,_ALL_,53,
Y,F,_ALL_,_ALL_,_ALL_,_ALL_,Xanomeline Low Dose,count,quantify,_ALL_,50,
Y,F,_ALL_,_ALL_,_ALL_,_ALL_,Xanomeline High Dose,count,quantify,_ALL_,40,
Y,M,_ALL_,_ALL_,_ALL_,_ALL_,Placebo,count,quantify,_ALL_,33,
Y,M,_ALL_,_ALL_,_ALL_,_ALL_,Xanomeline Low Dose,count,quantify,_ALL_,34,
Y,M,_ALL_,_ALL_,_ALL_,_ALL_,Xanomeline High Dose,count,quantify,_ALL_,44,
Y,F,_ALL_,_ALL_,_ALL_,_ALL_,_ALL_,count,quantify,_ALL_,143,
Y,M,_ALL_,_ALL_,_ALL_,_ALL_,_ALL_,count,quantify,_ALL_,111,
Y,F,_ALL_,_ALL_,_ALL_,_ALL_,Placebo,percent,proportion,sex,61.627906977,
Y,F,_ALL_,_ALL_,_ALL_,_ALL_,Xanomeline Low Dose,percent,proportion,sex,59.523809524,
Y,F,_ALL_,_ALL_,_ALL_,_ALL_,Xanomeline High Dose,percent,proportion,sex,47.619047619,
Y,M,_ALL_,_ALL_,_ALL_,_ALL_,Placebo,percent,proportion,sex,38.372093023,
Y,M,_ALL_,_ALL_,_ALL_,_ALL_,Xanomeline Low Dose,percent,proportion,sex,40.476190476,
Y,M,_ALL_,_ALL_,_ALL_,_ALL_,Xanomeline High Dose,percent,proportion,sex,52.380952381,
Y,F,_ALL_,_ALL_,_ALL_,_ALL_,_ALL_,percent,proportion,sex,56.299212598,
Y,M,_ALL_,_ALL_,_ALL_,_ALL_,_ALL_,percent,proportion,sex,43.700787402,
Y,_ALL_,_ALL_,AMERICAN INDIAN OR ALASKA NATIVE,_ALL_,_ALL_,Xanomeline High Dose,count,quantify,_ALL_,1,
Y,_ALL_,_ALL_,BLACK OR AFRICAN AMERICAN,_ALL_,_ALL_,Placebo,count,quantify,_ALL_,8,
Y,_ALL_,_ALL_,BLACK OR AFRICAN AMERICAN,_ALL_,_ALL_,Xanomeline Low Dose,count,quantify,_ALL_,6,
Y,_ALL_,_ALL_,BLACK OR AFRICAN AMERICAN,_ALL_,_ALL_,Xanomeline High Dose,count,quantify,_ALL_,9,
Y,_ALL_,_ALL_,WHITE,_ALL_,_ALL_,Placebo,count,quantify,_ALL_,78,
Y,_ALL_,_ALL_,WHITE,_ALL_,_ALL_,Xanomeline Low Dose,count,quantify,_ALL_,78,
Y,_ALL_,_ALL_,WHITE,_ALL_,_ALL_,Xanomeline High Dose,count,quantify,_ALL_,74,
Y,_ALL_,_ALL_,AMERICAN INDIAN OR ALASKA NATIVE,_ALL_,_ALL_,_ALL_,count,quantify,_ALL_,1,
Y,_ALL_,_ALL_,BLACK OR AFRICAN AMERICAN,_ALL_,_ALL_,_ALL_,count,quantify,_ALL_,23,
Y,_ALL_,_ALL_,WHITE,_ALL_,_ALL_,_ALL_,count,quantify,_ALL_,230,
Y,_ALL_,_ALL_,AMERICAN INDIAN OR ALASKA NATIVE,_ALL_,_ALL_,Xanomeline High Dose,percent,proportion,race,1.1904761905,
Y,_ALL_,_ALL_,BLACK OR AFRICAN AMERICAN,_ALL_,_ALL_,Placebo,percent,proportion,race,9.3023255814,
Y,_ALL_,_ALL_,BLACK OR AFRICAN AMERICAN,_ALL_,_ALL_,Xanomeline Low Dose,percent,proportion,race,7.1428571429,
Y,_ALL_,_ALL_,BLACK OR AFRICAN AMERICAN,_ALL_,_ALL_,Xanomeline High Dose,percent,proportion,race,10.714285714,
Y,_ALL_,_ALL_,WHITE,_ALL_,_ALL_,Placebo,percent,proportion,race,90.697674419,
Y,_ALL_,_ALL_,WHITE,_ALL_,_ALL_,Xanomeline Low Dose,percent,proportion,race,92.857142857,
Y,_ALL_,_ALL_,WHITE,_ALL_,_ALL_,Xanomeline High Dose,percent,proportion,race,88.095238095,
Y,_ALL_,_ALL_,AMERICAN INDIAN OR ALASKA NATIVE,_ALL_,_ALL_,_ALL_,percent,proportion,race,0.3937007874,
Y,_ALL_,_ALL_,BLACK OR AFRICAN AMERICAN,_ALL_,_ALL_,_ALL_,percent,proportion,race,9.0551181102,
Y,_ALL_,_ALL_,WHITE,_ALL_,_ALL_,_ALL_,percent,proportion,race,90.551181102,
Y,_ALL_,_ALL_,_ALL_,_ALL_,_ALL_,Placebo,n,mmsetot,_ALL_,86,
Y,_ALL_,_ALL_,_ALL_,_ALL_,_ALL_,Xanomeline Low Dose,n,mmsetot,_ALL_,84,
Y,_ALL_,_ALL_,_ALL_,_ALL_,_ALL_,Xanomeline High Dose,n,mmsetot,_ALL_,84,
Y,_ALL_,_ALL_,_ALL_,_ALL_,_ALL_,_ALL_,n,mmsetot,_ALL_,254,
Y,_ALL_,_ALL_,_ALL_,_ALL_,_ALL_,Placebo,mean,mmsetot,_ALL_,18.046511628,
Y,_ALL_,_ALL_,_ALL_,_ALL_,_ALL_,Xanomeline Low Dose,mean,mmsetot,_ALL_,17.869047619,
Y,_ALL_,_ALL_,_ALL_,_ALL_,_ALL_,Xanomeline High Dose,mean,mmsetot,_ALL_,18.511904762,
Y,_ALL_,_ALL_,_ALL_,_ALL_,_ALL_,_ALL_,mean,mmsetot,_ALL_,18.141732283,
Y,_ALL_,_ALL_,_ALL_,_ALL_,_ALL_,Placebo,stddev,mmsetot,_ALL_,4.2727783405,
Y,_ALL_,_ALL_,_ALL_,_ALL_,_ALL_,Xanomeline Low Dose,stddev,mmsetot,_ALL_,4.2220869673,
Y,_ALL_,_ALL_,_ALL_,_ALL_,_ALL_,Xanomeline High Dose,stddev,mmsetot,_ALL_,4.1580059158,
Y,_ALL_,_ALL_,_ALL_,_ALL_,_ALL_,_ALL_,stddev,mmsetot,_ALL_,4.2103287441,
Y,_ALL_,_ALL_,_ALL_,_ALL_,_ALL_,Placebo,median,mmsetot,_ALL_,19.5,
Y,_ALL_,_ALL_,_ALL_,_ALL_,_ALL_,Xanomeline Low Dose,median,mmsetot,_ALL_,18,
Y,_ALL_,_ALL_,_ALL_,_ALL_,_ALL_,Xanomeline High Dose,median,mmsetot,_ALL_,20,
Y,_ALL_,_ALL_,_ALL_,_ALL_,_ALL_,_ALL_,median,mmsetot,_ALL_,19,
Y,_ALL_,_ALL_,_ALL_,_ALL_,_ALL_,Placebo,min,mmsetot,_ALL_,10,
Y,_ALL_,_ALL_,_ALL_,_ALL_,_ALL_,Xanomeline Low Dose,min,mmsetot,_ALL_,10,
Y,_ALL_,_ALL_,_ALL_,_ALL_,_ALL_,Xanomeline High Dose,min,mmsetot,_ALL_,10,
Y,_ALL_,_ALL_,_ALL_,_ALL_,_ALL_,_ALL_,min,mmsetot,_ALL_,10,
Y,_ALL_,_ALL_,_ALL_,_ALL_,_ALL_,Placebo,max,mmsetot,_ALL_,23,
Y,_ALL_,_ALL_,_ALL_,_ALL_,_ALL_,Xanomeline Low Dose,max,mmsetot,_ALL_,24,
Y,_ALL_,_ALL_,_ALL_,_ALL_,_ALL_,Xanomeline High Dose,max,mmsetot,_ALL_,24,
Y,_ALL_,_ALL_,_ALL_,_ALL_,_ALL_,_ALL_,max,mmsetot,_ALL_,24,
Y,_ALL_,_ALL_,_ALL_,_ALL_,_ALL_,Placebo,n,durdis,_ALL_,86,
Y,_ALL_,_ALL_,_ALL_,_ALL_,_ALL_,Xanomeline Low Dose,n,durdis,_ALL_,84,
Y,_ALL_,_ALL_,_ALL_,_ALL_,_ALL_,Xanomeline High Dose,n,durdis,_ALL_,84,
Y,_ALL_,_ALL_,_ALL_,_ALL_,_ALL_,_ALL_,n,durdis,_ALL_,254,
Y,_ALL_,_ALL_,_ALL_,_ALL_,_ALL_,Placebo,mean,durdis,_ALL_,42.65,
Y,_ALL_,_ALL_,_ALL_,_ALL_,_ALL_,Xanomeline Low Dose,mean,durdis,_ALL_,48.691666667,
Y,_ALL_,_ALL_,_ALL_,_ALL_,_ALL_,Xanomeline High Dose,mean,durdis,_ALL_,40.507142857,
Y,_ALL_,_ALL_,_ALL_,_ALL_,_ALL_,_ALL_,mean,durdis,_ALL_,43.939370079,
Y,_ALL_,_ALL_,_ALL_,_ALL_,_ALL_,Placebo,stddev,durdis,_ALL_,30.241571504,
Y,_ALL_,_ALL_,_ALL_,_ALL_,_ALL_,Xanomeline Low Dose,stddev,durdis,_ALL_,29.584171152,
Y,_ALL_,_ALL_,_ALL_,_ALL_,_ALL_,Xanomeline High Dose,stddev,durdis,_ALL_,24.693547207,
Y,_ALL_,_ALL_,_ALL_,_ALL_,_ALL_,_ALL_,stddev,durdis,_ALL_,28.397315626,
Y,_ALL_,_ALL_,_ALL_,_ALL_,_ALL_,Placebo,median,durdis,_ALL_,35.3,
Y,_ALL_,_ALL_,_ALL_,_ALL_,_ALL_,Xanomeline Low Dose,median,durdis,_ALL_,40.25,
Y,_ALL_,_ALL_,_ALL_,_ALL_,_ALL_,Xanomeline High Dose,median,durdis,_ALL_,35.95,
Y,_ALL_,_ALL_,_ALL_,_ALL_,_ALL_,_ALL_,median,durdis,_ALL_,36.25,
Y,_ALL_,_ALL_,_ALL_,_ALL_,_ALL_,Placebo,min,durdis,_ALL_,7.2,
Y,_ALL_,_ALL_,_ALL_,_ALL_,_ALL_,Xanomeline Low Dose,min,durdis,_ALL_,7.8,
Y,_ALL_,_ALL_,_ALL_,_ALL_,_ALL_,Xanomeline High Dose,min,durdis,_ALL_,2.2,
Y,_ALL_,_ALL_,_ALL_,_ALL_,_ALL_,_ALL_,min,durdis,_ALL_,2.2,
Y,_ALL_,_ALL_,_ALL_,_ALL_,_ALL_,Placebo,max,durdis,_ALL_,183.1,
Y,_ALL_,_ALL_,_ALL_,_ALL_,_ALL_,Xanomeline Low Dose,max,durdis,_ALL_,130.8,
Y,_ALL_,_ALL_,_ALL_,_ALL_,_ALL_,Xanomeline High Dose,max,durdis,_ALL_,135,
Y,_ALL_,_ALL_,_ALL_,_ALL_,_ALL_,_ALL_,max,durdis,_ALL_,183.1,
Y,_ALL_,_ALL_,_ALL_,<12,_ALL_,Placebo,count,quantify,_ALL_,5,
Y,_ALL_,_ALL_,_ALL_,<12,_ALL_,Xanomeline Low Dose,count,quantify,_ALL_,3,
Y,_ALL_,_ALL_,_ALL_,<12,_ALL_,Xanomeline High Dose,count,quantify,_ALL_,4,
Y,_ALL_,_ALL_,_ALL_,>=12,_ALL_,Placebo,count,quantify,_ALL_,81,
Y,_ALL_,_ALL_,_ALL_,>=12,_ALL_,Xanomeline Low Dose,count,quantify,_ALL_,81,
Y,_ALL_,_ALL_,_ALL_,>=12,_ALL_,Xanomeline High Dose,count,quantify,_ALL_,80,
Y,_ALL_,_ALL_,_ALL_,<12,_ALL_,_ALL_,count,quantify,_ALL_,12,
Y,_ALL_,_ALL_,_ALL_,>=12,_ALL_,_ALL_,count,quantify,_ALL_,242,
Y,_ALL_,_ALL_,_ALL_,<12,_ALL_,Placebo,percent,proportion,durdsgr1,5.8139534884,
Y,_ALL_,_ALL_,_ALL_,<12,_ALL_,Xanomeline Low Dose,percent,proportion,durdsgr1,3.5714285714,
Y,_ALL_,_ALL_,_ALL_,<12,_ALL_,Xanomeline High Dose,percent,proportion,durdsgr1,4.7619047619,
Y,_ALL_,_ALL_,_ALL_,>=12,_ALL_,Placebo,percent,proportion,durdsgr1,94.186046512,
Y,_ALL_,_ALL_,_ALL_,>=12,_ALL_,Xanomeline Low Dose,percent,proportion,durdsgr1,96.428571429,
Y,_ALL_,_ALL_,_ALL_,>=12,_ALL_,Xanomeline High Dose,percent,proportion,durdsgr1,95.238095238,
Y,_ALL_,_ALL_,_ALL_,<12,_ALL_,_ALL_,percent,proportion,durdsgr1,4.7244094488,
Y,_ALL_,_ALL_,_ALL_,>=12,_ALL_,_ALL_,percent,proportion,durdsgr1,95.275590551,
Y,_ALL_,_ALL_,_ALL_,_ALL_,_ALL_,Placebo,n,educlvl,_ALL_,86,
Y,_ALL_,_ALL_,_ALL_,_ALL_,_ALL_,Xanomeline Low Dose,n,educlvl,_ALL_,84,
Y,_ALL_,_ALL_,_ALL_,_ALL_,_ALL_,Xanomeline High Dose,n,educlvl,_ALL_,84,
Y,_ALL_,_ALL_,_ALL_,_ALL_,_ALL_,_ALL_,n,educlvl,_ALL_,254,
Y,_ALL_,_ALL_,_ALL_,_ALL_,_ALL_,Placebo,mean,educlvl,_ALL_,12.581395349,
Y,_ALL_,_ALL_,_ALL_,_ALL_,_ALL_,Xanomeline Low Dose,mean,educlvl,_ALL_,13.166666667,
Y,_ALL_,_ALL_,_ALL_,_ALL_,_ALL_,Xanomeline High Dose,mean,educlvl,_ALL_,12.511904762,
Y,_ALL_,_ALL_,_ALL_,_ALL_,_ALL_,_ALL_,mean,educlvl,_ALL_,12.751968504,
Y,_ALL_,_ALL_,_ALL_,_ALL_,_ALL_,Placebo,stddev,educlvl,_ALL_,2.9484397321,
Y,_ALL_,_ALL_,_ALL_,_ALL_,_ALL_,Xanomeline Low Dose,stddev,educlvl,_ALL_,4.1473851054,
Y,_ALL_,_ALL_,_ALL_,_ALL_,_ALL_,Xanomeline High Dose,stddev,educlvl,_ALL_,2.9185491016,
Y,_ALL_,_ALL_,_ALL_,_ALL_,_ALL_,_ALL_,stddev,educlvl,_ALL_,3.3829227112,
Y,_ALL_,_ALL_,_ALL_,_ALL_,_ALL_,Placebo,median,educlvl,_ALL_,12,
Y,_ALL_,_ALL_,_ALL_,_ALL_,_ALL_,Xanomeline Low Dose,median,educlvl,_ALL_,12,
Y,_ALL_,_ALL_,_ALL_,_ALL_,_ALL_,Xanomeline High Dose,median,educlvl,_ALL_,12,
Y,_ALL_,_ALL_,_ALL_,_ALL_,_ALL_,_ALL_,median,educlvl,_ALL_,12,
Y,_ALL_,_ALL_,_ALL_,_ALL_,_ALL_,Placebo,min,educlvl,_ALL_,6,
Y,_ALL_,_ALL_,_ALL_,_ALL_,_ALL_,Xanomeline Low Dose,min,educlvl,_ALL_,3,
Y,_ALL_,_ALL_,_ALL_,_ALL_,_ALL_,Xanomeline High Dose,min,educlvl,_ALL_,6,
Y,_ALL_,_ALL_,_ALL_,_ALL_,_ALL_,_ALL_,min,educlvl,_ALL_,3,
Y,_ALL_,_ALL_,_ALL_,_ALL_,_ALL_,Placebo,max,educlvl,_ALL_,21,
Y,_ALL_,_ALL_,_ALL_,_ALL_,_ALL_,Xanomeline Low Dose,max,educlvl,_ALL_,24,
Y,_ALL_,_ALL_,_ALL_,_ALL_,_ALL_,Xanomeline High Dose,max,educlvl,_ALL_,20,
Y,_ALL_,_ALL_,_ALL_,_ALL_,_ALL_,_ALL_,max,educlvl,_ALL_,24,
Y,_ALL_,_ALL_,_ALL_,_ALL_,_ALL_,Placebo,n,weightbl,_ALL_,86,
Y,_ALL_,_ALL_,_ALL_,_ALL_,_ALL_,Xanomeline Low Dose,n,weightbl,_ALL_,83,
Y,_ALL_,_ALL_,_ALL_,_ALL_,_ALL_,Xanomeline High Dose,n,weightbl,_ALL_,84,
Y,_ALL_,_ALL_,_ALL_,_ALL_,_ALL_,_ALL_,n,weightbl,_ALL_,253,
Y,_ALL_,_ALL_,_ALL_,_ALL_,_ALL_,Placebo,mean,weightbl,_ALL_,62.759302326,
Y,_ALL_,_ALL_,_ALL_,_ALL_,_ALL_,Xanomeline Low Dose,mean,weightbl,_ALL_,67.279518072,
Y,_ALL_,_ALL_,_ALL_,_ALL_,_ALL_,Xanomeline High Dose,mean,weightbl,_ALL_,70.004761905,
Y,_ALL_,_ALL_,_ALL_,_ALL_,_ALL_,_ALL_,mean,weightbl,_ALL_,66.647826087,
Y,_ALL_,_ALL_,_ALL_,_ALL_,_ALL_,Placebo,stddev,weightbl,_ALL_,12.771543533,
Y,_ALL_,_ALL_,_ALL_,_ALL_,_ALL_,Xanomeline Low Dose,stddev,weightbl,_ALL_,14.123598649,
Y,_ALL_,_ALL_,_ALL_,_ALL_,_ALL_,Xanomeline High Dose,stddev,weightbl,_ALL_,14.653433372,
Y,_ALL_,_ALL_,_ALL_,_ALL_,_ALL_,_ALL_,stddev,weightbl,_ALL_,14.131425537,
Y,_ALL_,_ALL_,_ALL_,_ALL_,_ALL_,Placebo,median,weightbl,_ALL_,60.55,
Y,_ALL_,_ALL_,_ALL_,_ALL_,_ALL_,Xanomeline Low Dose,median,weightbl,_ALL_,64.9,
Y,_ALL_,_ALL_,_ALL_,_ALL_,_ALL_,Xanomeline High Dose,median,weightbl,_ALL_,69.2,
Y,_ALL_,_ALL_,_ALL_,_ALL_,_ALL_,_ALL_,median,weightbl,_ALL_,66.7,
Y,_ALL_,_ALL_,_ALL_,_ALL_,_ALL_,Placebo,min,weightbl,_ALL_,34,
Y,_ALL_,_ALL_,_ALL_,_ALL_,_ALL_,Xanomeline Low Dose,min,weightbl,_ALL_,45.4,
Y,_ALL_,_ALL_,_ALL_,_ALL_,_ALL_,Xanomeline High Dose,min,weightbl,_ALL_,41.7,
Y,_ALL_,_ALL_,_ALL_,_ALL_,_ALL_,_ALL_,min,weightbl,_ALL_,34,
Y,_ALL_,_ALL_,_ALL_,_ALL_,_ALL_,Placebo,max,weightbl,_ALL_,86.2,
Y,_ALL_,_ALL_,_ALL_,_ALL_,_ALL_,Xanomeline Low Dose,max,weightbl,_ALL_,106.1,
Y,_ALL_,_ALL_,_ALL_,_ALL_,_ALL_,Xanomeline High Dose,max,weightbl,_ALL_,108,
Y,_ALL_,_ALL_,_ALL_,_ALL_,_ALL_,_ALL_,max,weightbl,_ALL_,108,
Y,_ALL_,_ALL_,_ALL_,_ALL_,_ALL_,Placebo,n,heightbl,_ALL_,86,
Y,_ALL_,_ALL_,_ALL_,_ALL_,_ALL_,Xanomeline Low Dose,n,heightbl,_ALL_,84,
Y,_ALL_,_ALL_,_ALL_,_ALL_,_ALL_,Xanomeline High Dose,n,heightbl,_ALL_,84,
Y,_ALL_,_ALL_,_ALL_,_ALL_,_ALL_,_ALL_,n,heightbl,_ALL_,254,
Y,_ALL_,_ALL_,_ALL_,_ALL_,_ALL_,Placebo,mean,heightbl,_ALL_,162.57325581,
Y,_ALL_,_ALL_,_ALL_,_ALL_,_ALL_,Xanomeline Low Dose,mean,heightbl,_ALL_,163.43333333,
Y,_ALL_,_ALL_,_ALL_,_ALL_,_ALL_,Xanomeline High Dose,mean,heightbl,_ALL_,165.8202381,
Y,_ALL_,_ALL_,_ALL_,_ALL_,_ALL_,_ALL_,mean,heightbl,_ALL_,163.93149606,
Y,_ALL_,_ALL_,_ALL_,_ALL_,_ALL_,Placebo,stddev,heightbl,_ALL_,11.522361119,
Y,_ALL_,_ALL_,_ALL_,_ALL_,_ALL_,Xanomeline Low Dose,stddev,heightbl,_ALL_,10.419240003,
Y,_ALL_,_ALL_,_ALL_,_ALL_,_ALL_,Xanomeline High Dose,stddev,heightbl,_ALL_,10.131351552,
Y,_ALL_,_ALL_,_ALL_,_ALL_,_ALL_,_ALL_,stddev,heightbl,_ALL_,10.760447269,
Y,_ALL_,_ALL_,_ALL_,_ALL_,_ALL_,Placebo,median,heightbl,_ALL_,162.6,
Y,_ALL_,_ALL_,_ALL_,_ALL_,_ALL_,Xanomeline Low Dose,median,heightbl,_ALL_,162.6,
Y,_ALL_,_ALL_,_ALL_,_ALL_,_ALL_,Xanomeline High Dose,median,heightbl,_ALL_,165.1,
Y,_ALL_,_ALL_,_ALL_,_ALL_,_ALL_,_ALL_,median,heightbl,_ALL_,162.85,
Y,_ALL_,_ALL_,_ALL_,_ALL_,_ALL_,Placebo,min,heightbl,_ALL_,137.2,
Y,_ALL_,_ALL_,_ALL_,_ALL_,_ALL_,Xanomeline Low Dose,min,heightbl,_ALL_,135.9,
Y,_ALL_,_ALL_,_ALL_,_ALL_,_ALL_,Xanomeline High Dose,min,heightbl,_ALL_,146.1,
Y,_ALL_,_ALL_,_ALL_,_ALL_,_ALL_,_ALL_,min,heightbl,_ALL_,135.9,
Y,_ALL_,_ALL_,_ALL_,_ALL_,_ALL_,Placebo,max,heightbl,_ALL_,185.4,
Y,_ALL_,_ALL_,_ALL_,_ALL_,_ALL_,Xanomeline Low Dose,max,heightbl,_ALL_,195.6,
Y,_ALL_,_ALL_,_ALL_,_ALL_,_ALL_,Xanomeline High Dose,max,heightbl,_ALL_,190.5,
Y,_ALL_,_ALL_,_ALL_,_ALL_,_ALL_,_ALL_,max,heightbl,_ALL_,195.6,
Y,_ALL_,_ALL_,_ALL_,_ALL_,_ALL_,Placebo,n,bmibl,_ALL_,86,
Y,_ALL_,_ALL_,_ALL_,_ALL_,_ALL_,Xanomeline Low Dose,n,bmibl,_ALL_,83,
Y,_ALL_,_ALL_,_ALL_,_ALL_,_ALL_,Xanomeline High Dose,n,bmibl,_ALL_,84,
Y,_ALL_,_ALL_,_ALL_,_ALL_,_ALL_,_ALL_,n,bmibl,_ALL_,253,
Y,_ALL_,_ALL_,_ALL_,_ALL_,_ALL_,Placebo,mean,bmibl,_ALL_,23.636046512,
Y,_ALL_,_ALL_,_ALL_,_ALL_,_ALL_,Xanomeline Low Dose,mean,bmibl,_ALL_,25.062650602,
Y,_ALL_,_ALL_,_ALL_,_ALL_,_ALL_,Xanomeline High Dose,mean,bmibl,_ALL_,25.347619048,
Y,_ALL_,_ALL_,_ALL_,_ALL_,_ALL_,_ALL_,mean,bmibl,_ALL_,24.672332016,
Y,_ALL_,_ALL_,_ALL_,_ALL_,_ALL_,Placebo,stddev,bmibl,_ALL_,3.6719256942,
Y,_ALL_,_ALL_,_ALL_,_ALL_,_ALL_,Xanomeline Low Dose,stddev,bmibl,_ALL_,4.270508933,
Y,_ALL_,_ALL_,_ALL_,_ALL_,_ALL_,Xanomeline High Dose,stddev,bmibl,_ALL_,4.1582687602,
Y,_ALL_,_ALL_,_ALL_,_ALL_,_ALL_,_ALL_,stddev,bmibl,_ALL_,4.092184927,
Y,_ALL_,_ALL_,_ALL_,_ALL_,_ALL_,Placebo,median,bmibl,_ALL_,23.4,
Y,_ALL_,_ALL_,_ALL_,_ALL_,_ALL_,Xanomeline Low Dose,median,bmibl,_ALL_,24.3,
Y,_ALL_,_ALL_,_ALL_,_ALL_,_ALL_,Xanomeline High Dose,median,bmibl,_ALL_,24.8,
Y,_ALL_,_ALL_,_ALL_,_ALL_,_ALL_,_ALL_,median,bmibl,_ALL_,24.2,
Y,_ALL_,_ALL_,_ALL_,_ALL_,_ALL_,Placebo,min,bmibl,_ALL_,15.1,
Y,_ALL_,_ALL_,_ALL_,_ALL_,_ALL_,Xanomeline Low Dose,min,bmibl,_ALL_,17.7,
Y,_ALL_,_ALL_,_ALL_,_ALL_,_ALL_,Xanomeline High Dose,min,bmibl,_ALL_,13.7,
Y,_ALL_,_ALL_,_ALL_,_ALL_,_ALL_,_ALL_,min,bmibl,_ALL_,13.7,
Y,_ALL_,_ALL_,_ALL_,_ALL_,25-<30,Placebo,count,quantify,_ALL_,21,
Y,_ALL_,_ALL_,_ALL_,_ALL_,25-<30,Xanomeline Low Dose,count,quantify,_ALL_,27,
Y,_ALL_,_ALL_,_ALL_,_ALL_,25-<30,Xanomeline High Dose,count,quantify,_ALL_,28,
Y,_ALL_,_ALL_,_ALL_,_ALL_,<25,Placebo,count,quantify,_ALL_,59,
Y,_ALL_,_ALL_,_ALL_,_ALL_,<25,Xanomeline Low Dose,count,quantify,_ALL_,47,
Y,_ALL_,_ALL_,_ALL_,_ALL_,<25,Xanomeline High Dose,count,quantify,_ALL_,44,
Y,_ALL_,_ALL_,_ALL_,_ALL_,>=30,Placebo,count,quantify,_ALL_,6,
Y,_ALL_,_ALL_,_ALL_,_ALL_,>=30,Xanomeline Low Dose,count,quantify,_ALL_,10,
Y,_ALL_,_ALL_,_ALL_,_ALL_,>=30,Xanomeline High Dose,count,quantify,_ALL_,12,
Y,_ALL_,_ALL_,_ALL_,_ALL_,25-<30,_ALL_,count,quantify,_ALL_,76,
Y,_ALL_,_ALL_,_ALL_,_ALL_,<25,_ALL_,count,quantify,_ALL_,150,
Y,_ALL_,_ALL_,_ALL_,_ALL_,>=30,_ALL_,count,quantify,_ALL_,28,
Y,_ALL_,_ALL_,_ALL_,_ALL_,25-<30,Placebo,percent,proportion,bmiblgr1,24.418604651,
Y,_ALL_,_ALL_,_ALL_,_ALL_,25-<30,Xanomeline Low Dose,percent,proportion,bmiblgr1,32.142857143,
Y,_ALL_,_ALL_,_ALL_,_ALL_,25-<30,Xanomeline High Dose,percent,proportion,bmiblgr1,33.333333333,
Y,_ALL_,_ALL_,_ALL_,_ALL_,<25,Placebo,percent,proportion,bmiblgr1,68.604651163,
Y,_ALL_,_ALL_,_ALL_,_ALL_,<25,Xanomeline Low Dose,percent,proportion,bmiblgr1,55.952380952,
Y,_ALL_,_ALL_,_ALL_,_ALL_,<25,Xanomeline High Dose,percent,proportion,bmiblgr1,52.380952381,
Y,_ALL_,_ALL_,_ALL_,_ALL_,>=30,Placebo,percent,proportion,bmiblgr1,6.976744186,
Y,_ALL_,_ALL_,_ALL_,_ALL_,>=30,Xanomeline Low Dose,percent,proportion,bmiblgr1,11.904761905,
Y,_ALL_,_ALL_,_ALL_,_ALL_,>=30,Xanomeline High Dose,percent,proportion,bmiblgr1,14.285714286,
Y,_ALL_,_ALL_,_ALL_,_ALL_,25-<30,_ALL_,percent,proportion,bmiblgr1,29.921259843,
Y,_ALL_,_ALL_,_ALL_,_ALL_,<25,_ALL_,percent,proportion,bmiblgr1,59.05511811,
Y,_ALL_,_ALL_,_ALL_,_ALL_,>=30,_ALL_,percent,proportion,bmiblgr1,11.023622047,
